a,,
addindex,,
addtogroup,,
anchor,,
arg,,
attention,,
author,,
authors,,
b,,
brief,,
bug,,
c,,
callgraph,,
callergraph,,
category,,
cite,,
class,,
code,,
cond,,
condnot,,
copybrief,,
copydetails,,
copydoc,,
copyright,,
date,,
def,,
defgroup,,
deprecated,,
details,,
dir,,
dontinclude,,
dot,,
dotfile,,
e,,
else,,
elseif,,
em,,
endcode,,
endcond,,
enddot,,
endhtmlonly,,
endif,,
endinternal,,
endlatexonly,,
endlink,,
endmanonly,,
endmsc,,
endrtfonly,,
endverbatim,,
endxmlonly,,
enum,,
example,,
exception,,
extends,,
f$,,
f[,,
f],,
f{,,
f},,
file,,
fn,,
headerfile,,
hideinitializer,,
htmlinclude,,
htmlonly,,
if,,
ifnot,,
image,,
implements,,
include,,
includelineno,,
ingroup,,
internal,,
invariant,,
interface,,
latexonly,,
li,,
line,,
link,,
mainpage,,
manonly,,
memberof,,
msc,,
mscfile,,
n,,
name,,
namespace,,
nosubgrouping,,
note,,
overload,,
p,,
package,,
page,,
par,,
paragraph,,
param,,
post,,
pre,,
private,,
privatesection,,
property,,
protected,,
protectedsection,,
protocol,,
public,,
publicsection,,
ref,,
related,,
relates,,
relatedalso,,
relatesalso,,
remark,,
remarks,,
result,,
return,,
returns,,
retval,,
rtfonly,,
sa,,
section,,
see,,
short,,
showinitializer,,
since,,
skip,,
skipline,,
snippet,,
struct,,
subpage,,
subsection,,
subsubsection,,
tableofcontents,,
test,,
throw,,
throws,,
todo,,
tparam,,
typedef,,
union,,
until,,
var,,
verbatim,,
verbinclude,,
version,Starts a paragraph where one or more version strings may be entered.,
warning,,
weakgroup,,
xmlonly,,
xrefitem,,
$,,
@,,
\,,
&,,
~,,
<,,
>,,
#,,
%,,
",,
.,,
::,,